entity_name,entity_type,article_ids,application,symptom,treatment,cause,subtopic,definition,subdisease,detail,prevention,advice,complication
Viêm gan C,subdisease,"['76', '44']",,không có triệu chứng,sẽ được xét nghiệm HCV,,,,,viêm gan C lây truyền qua máu; có thể nhiễm trong khi sinh nếu mẹ bị bệnh; không lây qua tiếp xúc thông thường hoặc khi cho con bú,,trẻ thường được xét nghiệm khi đủ 18 tháng tuổi; mẹ bị viêm gan C vẫn có thể cho con bú,xơ gan; ung thư gan; bệnh gan mạn tính
Trứng trống,disease,['182'],,bào thai không phát triển; có thể có túi thai; có thể có túi noãn hoàng; không có sự phát triển của thai nhi,,,,,,,,,
Test co thắt đả kích,topic,['46'],,nhịp tim thai không giảm sau khi tử cung co thắt; giảm nhịp tim thai sau hầu hết các đợt co thắt tử cung; nhịp tim thai không giảm; nhịp tim thai giảm sau hầu hết các cơn co,,,,,,kết quả có thể không rõ ràng hoặc không thỏa mãn (khi không đủ co thắt để tạo ra một kết quả có ý nghĩa); có thể không rõ nếu số lần co không đủ,,dùng khi kết quả test khác không rõ; cần theo dõi thêm,
Thuốc tiêm tránh thai,subtopic,['18'],Có hiệu quả ngừa thai trong vòng 3 tháng; Giúp tránh thai bằng cách ngăn ngừa sự rụng trứng; Có hiệu quả ngừa thai tương tự phương pháp thắt vòi tử cung; Có thể sử dụng an toàn đối với phụ nữ đang cho con bú,mệt mỏi; ra máu bất thường; chóng mặt; đau đầu; tăng cân; ra máu thấm giọt rải rác; tăng lượng máu kinh; giảm lượng máu kinh; không hành kinh; ra máu nhiều; ra máu bất thường tiếp tục; căng thẳng; khó chịu ở bụng,,sử dụng depo-provera có thể là nguyên nhân gây giảm dự trữ canxi tại xương,,,,depo-provera được đưa vào cơ thể bằng cách tiêm vào mông hay cánh tay.; hiệu quả ngừa thai lâu dài? câu trả lời là không.,,cần phải lặp lại liều sau mỗi 3 tháng.; không nên sử dụng depo-provera quá 2 năm trừ khi không còn biện pháp ngừa thai nào phù hợp; nếu ra máu nhiều hoặc tiếp tục ra máu bất thường nên gặp bác sỹ; depo-provera có thể sử dụng an toàn đối với phụ nữ đang cho con bú; không nên sử dụng thuốc tiêm tránh thai nếu có bệnh gan; không nên sử dụng thuốc tiêm tránh thai nếu có tiền sử bị huyết khối (viêm tĩnh mạch) hay đột quỵ; không nên sử dụng thuốc tiêm tránh thai nếu có ra máu bất thường không rõ nguyên nhân; không nên sử dụng thuốc tiêm tránh thai nếu có ung thư vú hay cơ quan sinh sản; không nên sử dụng thuốc tiêm tránh thai nếu đã biết hay nghi ngờ có thai; không nên sử dụng thuốc tiêm tránh thai nếu dị ứng với thành phần của thuốc depo-provera,nồng độ canxi có thể không phục hồi trở lại hoàn toàn ngay sau khi ngưng sử dụng; điều này có thể dẫn đến loãng xương
Khả năng sinh sản,topic,['74'],,,,,,,,khả năng sinh sản của người phụ nữ bắt đầu giảm từ sau 32 tuổi và giảm nhanh hơn từ sau 37 tuổi,,,
Viêm vùng chậu,disease,['119'],,buồn nôn; nôn; sốt; đau khi quan hệ tình dục; rối loạn kinh nguyệt; tiết dịch âm đạo bất thường; ớn lạnh; đau ở vùng bụng dưới (thường đau nhẹ); đau ở vùng bụng trên bên phải; đi tiểu đau,kháng sinh là thuốc được lựa chọn đầu tiên cho điều trị viêm vùng chậu; có thể dùng đường uống hoặc tiêm; phối hợp hai hoặc nhiều loại kháng sinh có thể được chỉ định,lậu; viêm âm đạo do vi khuẩn,,viêm vùng chậu (pid) là tình trạng nhiễm trùng các cơ quan sinh sản nữ.,,bệnh lậu và chlamydia có thể gây ra các triệu chứng mơ hồ hoặc thậm chí không có triệu chứng.; nếu không được điều trị thì sau khoảng vài ngày đến vài tuần có thể tiến triển thành viêm vùng chậu.; 1/10 trường hợp bị viêm vùng chậu (pid) sẽ vô sinh. pid gây ra các sẹo trên các ống dẫn trứng làm tắc ống dẫn trứng qua đó ngăn chặn quá trình thụ tinh.; các sẹo do pid gây ra có thể ngăn cản trứng đã được thụ tinh di chuyển vào buồng tử cung. điều này đồng nghĩa với trứng đã được thụ tinh có thể sẽ phát triển ngay tại ống dẫn trứng.,quan hệ tình dục với duy nhất một bạn tình không mắc bệnh lây truyền qua đường tình dục và người bạn tình cũng phải chung thủy; hạn chế số lượng bạn tình; nếu bạn hoặc bạn tình của bạn trước đó đã từng quan hệ với người khác thì sẽ tăng nguy cơ mắc bệnh lây qua đường tình dục,phụ nữ không được khuyến cáo thụt rửa âm đạo; nên trao đổi với bác sĩ nếu có bất cứ dấu hiệu hoặc triệu chứng nêu trên; một số trường hợp cần phải điều trị tại bệnh viện; trong một số tình huống cụ thể có thể cần phải phẫu thuật như có khối áp - xe; một số bệnh lây truyền qua đường tình dục có thể không có triệu chứng,vô sinh; áp - xe ống dẫn trứng hoặc buồng trứng; thai lạc chỗ; đau vùng chậu mãn tính
Viêm vú,disease,"['9', '87']",,sưng; đau nhức; sốt; nóng; đau ở một vùng cụ thể; chóng mặt; mệt mỏi; đau; sốt; ớn lạnh; sưng vú; vùng vú căng đỏ dạng hình nêm; cảm giác nóng rát khi cho con bú,bạn có thể được kê đơn thuốc kháng sinh để điều trị nhiễm trùng; dùng kháng sinh theo chỉ định của bác sĩ; kết hợp thuốc giảm đau paracetamol hoặc ibuprofen; chườm ấm để giảm đau; tiếp tục cho con bú hoặc vắt bỏ sữa để tránh lan tràn nhiễm trùng,tắc ống dẫn sữa; nhiễm khuẩn,,,,thường xảy ra trong thời kỳ cho con bú; đặc biệt trong 6 tuần đầu sau sinh,cho bé ngậm bắt vú đúng cách; bú hết một bên vú trước khi chuyển sang bên kia; thay đổi tư thế bú để hút hết sữa; ngưng bú có thể dùng tay kẹp giữ vú; tránh mặc áo ngực quá chật; tránh miếng dán ngực gây ẩm núm vú; giữ núm vú thoáng,kể cả khi vú đang bị viêm và mẹ phải sử dụng kháng sinh thì vẫn có thể cho trẻ bú bình thường; chườm ấm có thể làm dịu cơn đau; uống nhiều nước; nghỉ ngơi; tái khám nếu triệu chứng nặng hơn,
Viên uống tránh thai kết hợp,subtopic,['16'],Sử dụng kết hợp bao cao su để phòng tránh các bệnh lây truyền qua đường tình dục; Không làm gián đoạn quan hệ tình dục; Ngăn tinh trùng gặp trứng hoặc ngăn sự rụng trứng xảy ra; Hiệu quả tránh thai đạt 99% nếu sử dụng đúng cách; Ngăn sự rụng trứng tại buồng trứng; Làm dày lớp chất nhầy ở cổ tử cung ngăn tinh trùng thâm nhập vào tử cung và gặp trứng; Giảm các triệu chứng tiền kinh nguyệt; Giảm mụn trứng cá; Bảo vệ chống lại bệnh viêm vùng chậu,buồn nôn; nôn; đau đầu; tiêu chảy; thay đổi tâm trạng; căng ngực,,ngăn sự rụng trứng tại buồng trứng; làm dày lớp chất nhầy ở cổ tử cung ngăn tinh trùng thâm nhập vào tử cung và gặp trứng; thuốc kháng sinh rifampicin; thuốc kháng sinh rifabutin; thuốc chống động kinh carbamazepine; thuốc chống động kinh oxcarbazepine; thuốc chống động kinh phenytoin; thuốc chống động kinh phenobarbital; thuốc chống động kinh primidone; thuốc chống động kinh topiramate; thuốc st john’s wort; thuốc kháng virus điều trị HIV,,hiệu quả tránh thai của viên uống tránh thai kết hợp đạt 99% nếu sử dụng đúng cách. tương đương với ít hơn 1 trong 100 trường hợp sử dụng viên uống tránh thai kết hợp trong vòng 1 năm có thể sẽ mang thai.; không có bằng chứng cho thấy viên uống tránh thai kết hợp gây tăng cân.,,viên uống tránh thai kết hợp đạt hiệu quả hơn 99% nếu sử dụng đúng cách; viên uống theo pha 21 ngày. viên uống gồm 2 hoặc 3 màu khác nhau tương ứng với mỗi pha trong một vỉ thuốc. mỗi màu khác nhau tương ứng với hàm lượng hormon khác nhau. uống một viên mỗi ngày trong 21 ngày sau đó nghỉ 7 ngày tiếp theo. loại này cần uống theo đúng trình tự. biệt dược như logynon.; một số loại thuốc tương tác với viên thuốc kết hợp gây giảm tác dụng tránh thai; các kháng sinh khác không có ảnh hưởng này; điều kiện để mang thai là khi tinh trùng gặp trứng (noãn); các biện pháp tránh thai sẽ nhằm mục đích ngăn tinh trùng gặp trứng hoặc ngăn sự rụng trứng xảy ra,,khả năng có thai sau khi quên uống một hay nhiều viên phụ thuộc vào: quên uống thuốc khi nào. quên uống bao nhiêu viên; viên uống tránh thai kết hợp không bảo vệ được các bệnh lây truyền qua đường tình dục (stis) vì vậy nên sử dụng kết hợp bao cao su để phòng tránh các bệnh lây truyền qua đường tình dục.; tiếp tục uống thuốc cùng một thời điểm cố định hàng ngày cho đến khi hết vỉ thuốc; ngưng thuốc 7 ngày (trong thời gian này sẽ hành kinh); uống viên đầu tiên từ vị trí đánh dấu “bắt đầu” trên vỉ thuốc. đây là viên có hoạt tính.; tiếp tục uống mỗi ngày cùng một thời điểm và đúng theo trình tự cho đến khi hết vỉ thuốc (28 ngày).; trong 7 ngày sử dụng viên không có hoạt tính sẽ hành kinh.; bắt đầu vỉ thuốc tiếp theo sau khi uống hết vỉ đầu tiên mà không cần quan tâm đến còn kinh hay đã sạch kinh.; có thể điều chỉnh cách sử dụng thuốc tránh thai kết hợp theo cách phù hợp; có thể bắt đầu uống thuốc vào bất kỳ thời điểm nào trong chu kỳ kinh nguyệt; hướng dẫn cũng có thể khác nếu có chu kỳ kinh nguyệt ngắn; tham khảo tư vấn của bác sĩ trong những tình huống đó; có thể cần sử dụng biện pháp tránh thai bổ sung trong ngày đầu sử dụng thuốc – điều này phụ thuộc vào thời điểm bắt đầu dùng thuốc trong chu kỳ kinh nguyệt; cần trao đổi ngay với bác sĩ về cách xử trí nếu quên uống thuốc; thảo luận với bác sĩ để biết thêm thông tin nếu tình trạng nôn hoặc tiêu chảy vẫn tiếp tục.; cần tham khảo ý kiến của nhân viên y tế; hiệu quả tránh thai ngay khi bắt đầu dùng thuốc; không làm gián đoạn quan hệ tình dục; kỳ kinh nguyệt đều; hành kinh lượng vừa phải và ít đau hơn; giảm các triệu chứng tiền kinh nguyệt; đôi khi giảm mụn trứng cá; bảo vệ chống lại bệnh viêm vùng chậu; có thể sử dụng các phương pháp tránh thai thay thế trong quá trình chuyển đổi vì viên thuốc mới có thể cần thời gian ngắn để phát huy tác dụng; các bác sĩ làm việc theo những nguyên tắc nghiêm ngặt khi tiếp xúc với những người dưới 16 tuổi và sẽ khuyến khích những người trường hợp này cân nhắc trao đổi với cha mẹ nhưng không bắt buộc,thuyên tắc phổi; nhồi máu cơ tim; huyết khối tĩnh mạch sâu; đột quỵ; tăng nguy cơ tiến triển ung thư vú; tăng nguy cơ tiến triển ung thư cổ tử cung; giảm nguy cơ phát triển ung thư tử cung; giảm nguy cơ phát triển ung thư buồng trứng; giảm nguy cơ phát triển ung thư ruột
Nhau cài răng lược,topic,['28'],,,có thể cần cắt tử cung,,,,,,,,nguy cơ mất máu đe dọa tính mạng
Đau vú theo chu kỳ,subdisease,['9'],,ngực cảm thấy căng tức; ngực nhạy cảm hơn; ngực đau trước kỳ kinh nguyệt; các triệu chứng tương tự khi sử dụng viên uống tránh thai kết hợp; các triệu chứng tương tự khi sử dụng liệu pháp hormone sau mãn kinh,mặc áo ngực vừa vặn và dùng thuốc giảm đau; dùng thuốc tránh thai kết hợp thường xuyên,đáp ứng với những thay đổi về nồng độ hormone,,,,,,hỏi bác sĩ sản phụ khoa nếu muốn tìm hiểu thêm về liệu pháp này,
Chăm sóc răng miệng,topic,['151'],,viêm nướu có thể xuất hiện nặng hơn trong thai kì,việc chụp phim tia X có thể hoãn đến sau sinh,,,,,,,phụ nữ khi đang mang thai cần lưu tâm đến sức khỏe răng miệng; nha sĩ có thể khuyên làm sạch răng miệng thường xuyên hơn để phòng ngừa viêm nướu; các thai phụ nên duy trì đến phòng nha để kiểm tra răng miệng và làm sạch răng; thông báo cho nha sĩ về tình trạng mang thai và các thay đổi về sức khỏe răng miệng; thông báo về các thuốc đang dùng; nha sĩ sẽ cân nhắc kê toa an toàn; thai phụ nên báo cho bác sĩ/nha sĩ mọi lo lắng; chải răng kỹ ít nhất 2 lần/ngày với kem fluoride; làm sạch kẽ răng bằng chỉ nha khoa hoặc dụng cụ chuyên dụng,
Test không đả kích,topic,['46'],,,,,,,,một kết quả phản ứng tốt nghĩa là tại lúc đó không có vấn đề gì; nếu kết quả là không phản ứng tốt thì nghĩa là không đủ lần tăng nhịp được phát hiện trong khoảng 40 phút; điều này mang nhiều ý nghĩa; nó có thể chứng tỏ đứa trẻ đang ngủ khi test được thực hiện; một kết quả phản ứng không tốt có thể xuất hiện khi người phụ nữ đang sử dụng một số loại thuốc nhất định; hoặc cũng có thể là do thai nhi không được cung cấp đủ oxy; thực hiện trong 20 phút bằng cảm biến quanh bụng mẹ,,khi đó có thể kéo dài test hoặc kích thích thai,
Ngưng thở ở trẻ sinh non,disease,['236'],,ngưng hoạt động hô hấp kéo dài trên 20 giây,,,,,,,,,nhịp chậm xoang
Viêm vú sau sinh,topic,['87'],,mệt mỏi; đau; sốt; ớn lạnh; sưng vú; vùng vú căng đỏ dạng hình nêm; cảm giác nóng rát khi cho con bú,dùng kháng sinh theo chỉ định của bác sĩ; kết hợp thuốc giảm đau paracetamol hoặc ibuprofen; chườm ấm để giảm đau; tiếp tục cho con bú hoặc vắt bỏ sữa để tránh lan tràn nhiễm trùng,nhiễm khuẩn,,,,thường xảy ra trong thời kỳ cho con bú; đặc biệt trong 6 tuần đầu sau sinh,cho bé ngậm bắt vú đúng cách; bú hết một bên vú trước khi chuyển sang bên kia; thay đổi tư thế bú để hút hết sữa; ngưng bú có thể dùng tay kẹp giữ vú; tránh mặc áo ngực quá chật; tránh miếng dán ngực gây ẩm núm vú; giữ núm vú thoáng,uống nhiều nước; nghỉ ngơi; tái khám nếu triệu chứng nặng hơn,
Tiểu đường loại 2,subdisease,['93'],,bất kỳ triệu chứng của bệnh tiểu đường loại 1; vết loét lâu lành; mất cảm giác hoặc ngứa ran ở bàn chân,,cơ thể trở nên “lờn” với insulin và phải sản xuất thêm nhiều insulin hơn nữa mới đủ để giữ cho mức đường trong máu bình thường; bệnh tiểu đường loại 2 cũng có thể do các bệnh khác gây ra hoặc do tác dụng phụ của một số thuốc,,,,,,,
Viêm nang lông,disease,['101'],,đau; vết đỏ; sưng nhỏ; không đau,chườm ấm; giữ vệ sinh; mặc đồ rộng,vi khuẩn; cạo; tẩy lông; ma sát,,,,thường tự khỏi,,nếu nặng cần đi khám,
Ung thư âm hộ,disease,['101'],,ngứa; rát; đau; viêm; khối u; thay đổi màu da; sưng háng,phẫu thuật (loại bỏ ung thư); xạ trị; hóa trị,HPV; ung thư da; paget âm hộ,,,,,,,
Hội chứng buồng trứng đa nang,disease,"['106', '1', '194']",,vô sinh; vô kinh; rậm lông; béo phì; buồng trứng có nhiều nang; buồng trứng to ra; xuất hiện nhiều nang (hơn 12 nang); đường kính mỗi nang từ 2-9 mm; béo phì ngày càng tăng; béo vùng bụng; rối loạn kinh nguyệt; mụn trứng cá; chu kỳ kinh nguyệt bất thường; hành kinh nhiều; chu kỳ kinh nguyệt không đều; béo phì (80% phụ nữ pcos); rậm lông ở mặt; rậm lông ở ngực; rậm lông ở bụng; rậm lông ở đùi; mụn trứng cá nặng; mụn trứng cá kéo dài sau tuổi vị thành niên; da nhờn; có nhiều nang nhỏ trên buồng trứng; glucose máu tăng; nguy cơ tiểu đường; thèm ăn; mất cân bằng hormone; ức chế rụng trứng; phát triển nhiều nang nhỏ trên buồng trứng,giảm cân; có chế độ ăn uống lành mạnh; yoga; tập thể dục; nhiều loại thuốc có thể giúp làm giảm bớt triệu chứng; vô sinh cũng có thể được khắc phục bằng các phương pháp hỗ trợ sinh sản,lối sống căng thẳng; ít vận động; kháng insulin; tăng androgen; kinh nguyệt không đều,,hội chứng buồng trứng đa nang là vấn đề thường gặp nhất ở các cô gái trẻ hiện nay,,,,,tăng nguy cơ tiểu đường type 2; tăng nguy cơ bệnh tim mạch; tăng nguy cơ hội chứng chuyển hóa; tăng sinh nội mạc tử cung; nguy cơ ung thư nội mạc tử cung
Sinh non,topic,"['78', '245', '28', '74', '239']",,vấn đề hô hấp; vấn đề ăn uống; vàng da; khó thở; chảy máu âm đạo; thay đổi dịch âm đạo; áp lực vùng chậu; đau lưng âm ỉ; cơn co tử cung; vỡ ối; tăng bilirubin máu; vàng mắt; ngừng hô hấp; nhịp tim giảm; da nhợt; da tím,corticosteroid có thể giúp phổi trưởng thành; thuốc giảm co dùng để trì hoãn co thắt tử cung; dùng nhiệt kế đo da để điều chỉnh nhiệt độ; điều trị bằng thuốc; cho sinh sớm; chiếu đèn xanh; thay máu; kích thích trẻ; dùng caffeine; dùng thiết bị thổi khí qua mũi; mẹ uống thuốc trước sinh để kích thích sản xuất surfactant; trẻ được bơm surfactant; trẻ được hỗ trợ máy thở; điều trị bằng kháng sinh; điều trị bằng thuốc kháng virus; điều trị bằng thuốc kháng nấm; phẫu thuật kẹp ống,bệnh tiểu đường; cao huyết áp; bệnh tim; nhiễm trùng liên quan đến màng ối; nhiễm trùng liên quan đến bộ phận sinh dục; nhiễm trùng liên quan đến tiết niệu; thiếu dinh dưỡng trong khi mang thai; chảy máu do vị trí bất thường của nhau thai; cấu trúc bất thường của tử cung; sự giãn rộng quá mức của tử cung khi mang nhiều hơn một thai; sử dụng thuốc lá; sử dụng rượu; sử dụng các loại thuốc bất hợp pháp; tiểu đường; bệnh tiểu đường; cao huyết áp; bệnh tim; nhiễm trùng liên quan đến màng ối; thiếu dinh dưỡng trong khi mang thai; chảy máu do vị trí bất thường của nhau thai; cấu trúc bất thường của tử cung; sự giãn rộng quá mức của tử cung khi mang nhiều hơn một thai; sử dụng thuốc lá; sử dụng rượu; sử dụng các loại thuốc bất hợp pháp; rượu; thiếu dinh dưỡng; chảy máu nhau thai bất thường; tử cung giãn rộng khi mang đa thai; thuốc bất hợp pháp; ít sản xuất hồng cầu; hồng cầu sống ngắn; lấy máu xét nghiệm nhiều; phổi chưa sản xuất đủ surfactant; sinh quá sớm; suy hô hấp nặng; dùng oxy hoặc máy thở kéo dài; hệ miễn dịch yếu; lây từ mẹ; khi sinh; sau sinh; nguyên nhân chưa rõ; oxy chỉ là một yếu tố; nhiễm trùng bộ phận sinh dục; nhiễm trùng tiết niệu; nồng độ oxy cao; nồng độ oxy quá thấp,Chuyển dạ sinh non; Sinh cực non,trạng thái trẻ được sinh ra trước 37 tuần thai kỳ,Sinh cực non,những đứa trẻ sinh non có thể có những vấn đề sức khỏe nghiêm trọng trước mắt và cả về lâu dài; sinh non xảy ra khi quá trình mang thai diễn ra ít hơn 37 tuần; trẻ sinh đủ tháng được sinh ra trong khoảng 37 - 42 tuần kể từ kỳ kinh nguyệt cuối cùng của người mẹ; nguyên nhân gây ra sinh non là không rõ ràng và không trong tầm kiểm soát của người mẹ; bất kỳ phụ nữ nào cũng có khả năng sinh non với nguyên nhân không rõ; ngày sinh dự đoán là một dự đoán. chỉ có 5% các trường hợp sinh vào đúng ngày đó.; bé đã trưởng thành hoàn toàn nếu như được sinh ra trong tuần thứ 37 hoặc sau đó.; nếu đó là con đầu lòng thì bạn thường sẽ sinh trước ngày sinh dự đoán.; sinh non xảy ra khi quá trình mang thai diễn ra ít hơn 37 tuần; trẻ sinh đủ tháng được sinh ra trong khoảng 37 - 42 tuần kể từ kỳ kinh nguyệt cuối cùng của người mẹ; ngày sinh dự đoán là một dự đoán. chỉ có 5% các trường hợp sinh vào đúng ngày đó.; bé đã trưởng thành hoàn toàn nếu như được sinh ra trong tuần thứ 37 hoặc sau đó.; nếu đó là con đầu lòng thì bạn thường sẽ sinh trước ngày sinh dự đoán.; trẻ sinh đủ tháng được sinh ra trong khoảng 37–42 tuần; những trẻ sinh trước 32 tuần được gọi là sinh cực non; trẻ sinh non thường được chăm sóc tại phòng nicu; trẻ sinh non thiếu mỡ để giữ nhiệt; trẻ sinh non có nhu cầu đặc biệt vì phát triển nhanh và hệ tiêu hóa chưa trưởng thành; trọng lượng 500–2500g; sinh trước tuần 37 của thai kỳ; trẻ được sinh từ tuần 39 đến tuần 40 của thai kỳ; nhiều trẻ cải thiện sau 2 năm; trẻ sinh non là trẻ sinh trước 37 tuần; một số trẻ sinh non phải nằm ở đơn vị hồi sức sơ sinh (nicu) – là nơi chăm sóc những trẻ mới sinh có bệnh lý; trẻ được sinh ra vào khoảng thời gian từ tuần thứ 20 đến trước tuần thứ 37 của thai kỳ; sinh non có thể xảy ra với bất kỳ phụ nữ nào với nguyên nhân không rõ; duy trì thân nhiệt trẻ trong phạm vi bình thường giúp trẻ phát triển nhanh hơn; nguyên nhân của bệnh nay ở trẻ sinh non chưa được hiểu rõ ràng,vệ sinh tay; sản phụ có thể được chỉ định một số thuốc hoặc phương pháp điều trị nhằm dự phòng sinh non nếu có các yếu tố nguy cơ,những trẻ sinh non được chuyển đến bệnh viện có khoa chăm sóc đặc biệt cho trẻ sơ sinh (nicu: đơn vị chăm sóc tích cực trẻ sơ sinh) thì có khả năng sống cao hơn.; gia đình đóng vai trò quan trọng.; trao đổi với bác sĩ về tình trạng sức khỏe của trẻ; trẻ có thể xuất viện nếu đảm bảo sức khỏe; trẻ cần ở lại nicu để chăm sóc đặc biệt; trẻ có thể bú hoặc uống sữa bình; cân nặng tăng đều (14 gram đến 28 gram); trẻ tự thở được; bác sĩ sẽ hướng dẫn sản phụ chăm sóc trẻ như thế nào; sản phụ nên được giới thiệu đến các bác sĩ có chuyên môn trong việc quản lý các thai kỳ nguy cơ cao; nicu ở mức cao cung cấp sự chăm sóc đặc biệt cho những trẻ sơ sinh có các vấn đề sức khỏe nghiêm trọng.; cách trẻ diễn đạt ngôn ngữ và phát triển hành vi cũng là những vấn đề quan trọng trong quá trình theo dõi; một số trẻ sinh non có thể cần ngôn ngữ trị liệu và vật lý trị liệu khi trẻ lớn lên; trẻ có tiền sử biến chứng trong nicu có thể cần được tiếp tục chăm sóc bởi các chuyên gia y tế; sự hỗ trợ từ gia đình cũng rất quan trọng cho trẻ sinh non; chăm sóc cho trẻ sinh non thậm chí còn đòi hỏi khắt khe hơn chăm sóc cho một trẻ sơ sinh đủ tháng; phòng chăm sóc trẻ cũng cần đặc biệt chú ý đến nhu cầu của gia đình trẻ,tử vong; sinh non; chuyển dạ sớm; thai lưu; biến chứng nặng về trí tuệ; biến chứng nặng về thể chất; ảnh hưởng phát triển; nhiễm trùng; thiếu máu; vàng da; tổn thương não; suy tim; trẻ sinh non dễ bị nhiều biến chứng do cơ quan chưa trưởng thành; trẻ sinh non cần nằm viện lâu hơn; trẻ sinh non có nhiều vấn đề sức khỏe hơn những trẻ sinh đủ tháng; biến chứng huyết áp giảm thấp sau sinh; triệu chứng giống hen suyễn; còn ống động mạch; mạch máu cần thiết trong thai kỳ không đóng sau sinh non; gây máu dư chảy vào phổi; khó thở; bệnh võng mạc do sinh non; biến chứng mắt do mạch máu võng mạc phát triển bất thường; tật khúc xạ; những đứa trẻ sinh non có thể có những vấn đề sức khỏe nghiêm trọng trước mắt; những đứa trẻ sinh non có thể có những vấn đề sức khỏe nghiêm trọng về lâu dài; nguy cơ thai lưu (thai chết trong tử cung) cao hơn ở những phụ nữ trên 35 tuổi; viêm ruột hoại tử (nec); trẻ sinh ra càng non tháng thì càng có nhiều vấn đề về sức khỏe; ngưng thở; hội chứng suy hô hấp (rds); xuất huyết não thất (ivh); còn ống động mạch (pda); bệnh võng mạc ở trẻ sinh non (rop); loạn sản phế quản – phổi (bpd); bại não; giảm khả năng học tập; cơ quan nội tạng của trẻ không hoàn toàn sẵn sàng để tự hoạt động; nguy cơ biến chứng càng cao nếu trẻ càng sinh sớm; hậu quả từ nhẹ (cần phải đeo kính) đến nặng (mù)
Bệnh chàm,disease,['263'],chẩn đoán chủ yếu dựa vào thăm khám da lâm sàng; đôi khi sinh thiết da để xác nhận,ngứa; da khô; da đỏ; nổi ban; ban khô; ban rỉ nước; ban nổi trên mặt; ban nổi trên da đầu; ban nổi trên tay; ban nổi trên chân; các vết sẩn đỏ; khô ráp; bong vảy; có thể thành mụn mủ; xuất hiện ở nhiều vị trí; có xu hướng kết cụm,cho thuốc để giúp bé cảm thấy dễ chịu hơn cũng như để kiểm soát các triệu chứng của bệnh chàm; thuốc bôi/thoa vào da (trên bề mặt); thuốc uống; thuốc bôi trên da thường ở dạng kem hoặc thuốc mỡ; thuốc uống ở dạng viên hoặc dung dịch; loại thuốc mà chỉ có bác sĩ (và một số chuyên gia sức khỏe khác) có thể đặt mua được gọi là thuốc được kê toa; thuốc không cần kê toa là loại thuốc có thể mua mà không cần chỉ định của bác sĩ; thuốc steroid bôi da (hydrocortisone dạng kem hoặc thuốc mỡ) – có thể giúp da đỡ ngứa và bớt viêm; thuốc uống kháng histamine – có thể giúp giảm ngứa (đặc biệt là loại thuốc gây buồn ngủ); thuốc bôi ức chế miễn dịch – immunomodulator dạng bôi (thuốc không có chất steroid) – dùng để giảm viêm và trị ngứa; thuốc uống kháng sinh – có thể được bác sĩ kê toa khi có nhiễm trùng thứ phát do gãi ngứa,di truyền; có thể xảy ra ở phụ nữ có tiền sử chàm; khởi phát lần đầu khi mang thai; có thể liên quan đến miễn dịch và rối loạn tự miễn; Bệnh có thể khởi phát lần đầu trong thai kỳ; Bệnh có thể tái phát; yếu tố môi trường,,bệnh chàm là bệnh về da được các bác sĩ da liễu nhi điều trị phổ biến nhất; chàm thai kỳ (atopic eruption of pregnancy – AEP) là một dạng chàm xuất hiện trong giai đoạn mang thai,,có những lúc triệu chứng này trở nên tồi tệ (gọi là đợt bùng phát) sau khi da cải thiện tình hình tốt hơn hoặc các triệu chứng biến mất hoàn toàn (thuyên giảm); bệnh này không lây nhiễm; bác sĩ hỏi về thời điểm xuất hiện; thay đổi thói quen/lối sống; triệu chứng gây ảnh hưởng; yếu tố tăng/giảm triệu chứng; thuốc đã dùng; thường không gây hại cho mẹ và thai; đa số tự hết sau sinh; có thể tái diễn sau sinh hoặc ở lần mang thai sau; không ảnh hưởng đến sinh sản và không gây biến chứng lâu dài,luôn giữ ẩm cho da của con bạn; sử dụng các loại chất dưỡng ẩm không mùi; chất giữ ẩm dạng kem hoặc thuốc mỡ thường có tác dụng làm ẩm tốt hơn là nước xoa/sữa (lotion); bôi kem giữ ẩm ít nhất mỗi ngày một lần hoặc nhiều hơn nếu cần thiết; nên bôi kem dưỡng ẩm lên mặt và toàn thân; tránh các chất gây dị ứng; những người mẫn cảm với các loại vải thô ráp hoặc các hóa chất trong xà phòng và bột giặt nên mặc quẩn áo vải sợi mềm ví dụ như loại 100% cotton; dùng các loại tẩy/rửa dành cho da không có mùi hương; không sử dụng chất làm mềm vải khi sấy áo quần; tắm nước ấm; bôi kem dưỡng ẩm ngay sau tắm; mặc quần áo cotton thoáng mát; tránh len/gai; tránh xà phòng thô ráp; dùng máy tạo ẩm; uống đủ nước,bác sĩ có thể giúp làm dịu và kiểm soát các triệu chứng của bệnh.; nhắc bé không nên gãi; gãi ngứa có thể làm vùng phát ban càng nặng hơn và có thể dẫn đến nhiễm trùng; hỏi bác sĩ xem liệu dị ứng có phải là nguyên nhân gây ra bệnh chàm của bé hay không; hãy nói chuyện với bác sĩ nếu bạn có câu hỏi hoặc thắc mắc gì về việc cho bé dùng thuốc; bệnh chàm là bệnh mạn tính nên bệnh có thể cứ trở đi trở lại nhiều lần,
Bóc tách màng ối,topic,['73'],,,,,,,,,,,có thể chuyển dạ trong 48 giờ
Ba tháng cuối,topic,['36'],,nghẹt mũi; cảm thấy mệt mỏi; đau bụng; đau lưng; tiêu chảy; cơ thể mình vụng về và nặng nề hơn; chuột rút chân do áp lực tử cung; hội chứng chân không yên; ợ nóng do tử cung to; cử động của bé; cảm giác mắc tiểu nhiều hơn; giấc mơ kỳ lạ vào tuần cuối thai kỳ,,,,,,ba tháng cuối mang thai được gọi là “giai đoạn căng” của thai kỳ; thích thú với cảm giác cử động của bé; những vấn đề khác ảnh hưởng đến giấc ngủ,,cần những giấc ngủ ngắn; nằm nghiêng bên trái là tốt nhất vì giúp máu lưu thông; có thể đặt gối giữa hai đầu gối hoặc sau lưng để dễ chịu hơn; ham muốn tình dục có thể giảm do cơ thể nặng nề và bận rộn chuẩn bị cho sinh nở,
Vàng da do sữa mẹ,disease,['209'],,,,chưa tìm ra nguyên nhân; có thể do mối liên hệ giữa những chất có trong sữa mẹ với sự ức chế quá trình ly giải bilirubin,,,,vàng da hiện hữu sau khi giai đoạn vàng da sinh lý dần lắng xuống; vàng da do sữa mẹ thường kéo dài từ 3-12 tuần sau sinh,,chỉ cần trẻ còn bú mẹ tốt và nồng độ bilirubin được theo dõi,biến chứng nguy hiểm hiếm khi xảy ra
Chlamydia,subdisease,"['249', '44']",,,,,,bệnh lây truyền qua đường tình dục do vi khuẩn; chlamydia là một bệnh lây truyền qua đường tình dục do vi khuẩn chlamydia trachomatis gây ra.,,,,cần xét nghiệm và điều trị; nên được xét nghiệm chlamydia mỗi năm; nam giới dưới 25 tuổi hoạt động tình dục ở khu vực có nhiều trường hợp nhiễm chlamydia cũng được khuyến cáo; nam giới từ 13 tuổi quan hệ tình dục với nam giới nên được kiểm tra hàng năm,viêm vùng chậu; vô sinh
Tai nạn xe hơi,topic,['82'],,đau bụng; rò dịch âm đạo; xuất hiện cơn co thắt tử cung,,,,,,,,cần gọi bác sĩ ngay lập tức,hầu hết tổn thương thai nhi xảy ra vài giờ sau tai nạn
Bệnh lây truyền qua đường tình dục,topic,"['116', '68', '249']",,,có thể chữa khỏi hoàn toàn bằng kháng sinh nếu được phát hiện sớm và điều trị kịp thời; stds do vi khuẩn có thể chữa khỏi bằng kháng sinh,lây qua tiếp xúc da; vi khuẩn; virus; lậu; mụn cóc sinh dục; mụn rộp sinh dục,,các căn bệnh lây lan qua tiếp xúc tình dục; bệnh lây truyền qua đường tình dục (stds) có thể do vi khuẩn hoặc virus gây ra.; bệnh lây truyền qua đường tình dục (stds) là các bệnh truyền nhiễm có thể lây từ người này sang người khác qua hoạt động tình dục.; bệnh lây truyền qua đường tình dục là các bệnh có thể lây nhiễm từ người này sang người khác thông qua quan hệ tình dục.; nhiều bệnh lây truyền qua đường tình dục không gây ra bất kỳ triệu chứng nào; bệnh lây truyền qua đường tình dục là nhóm bệnh có thể lây nhiễm từ người này sang người khác qua hoạt động tình dục.; bệnh lây truyền qua đường tình dục là một loại bệnh có thể lây nhiễm qua quan hệ tình dục không an toàn.,Chlamydia; Lậu; Herpes; HIV; HPV; Giang mai; Trùng roi (trichomonas vaginalis); Viêm gan siêu vi B; Aids,người nhiễm có thể không có triệu chứng nhưng vẫn truyền bệnh; thử nghiệm std thường có ở các trung tâm y tế và tại các sự kiện sàng lọc cộng đồng. trường học cũng có thể cung cấp dịch vụ kiểm tra tại chỗ hoặc thông tin về nơi kiểm tra. công cụ định vị xét nghiệm std online cung cấp các địa điểm xét nghiệm gần đó. bao gồm cả những địa điểm cung cấp dịch vụ miễn phí hoặc chi phí thấp.,tiêm phòng: tạo miễn dịch để phòng ngừa viêm gan siêu vi B và một số chủng HPV; sử dụng bao cao su latex khi quan hệ; tránh hành vi quan hệ nguy hiểm gây rách niêm mạc; quan hệ tình dục an toàn; sử dụng bao cao su thích hợp và đúng cách; đi xét nghiệm std,làm xét nghiệm stds định kỳ; điều trị sớm để giảm nguy cơ lây sang con; cả mẹ và bạn tình đều cần điều trị; người trẻ khi quan hệ tình dục có thể tự bảo vệ mình khỏi std bằng một số biện pháp; cách duy nhất để biết chắc chắn liệu bạn có mắc stds hay không là đi xét nghiệm; hỗ trợ tìm kiếm và theo dõi chăm sóc sức khỏe vị thành niên; trò chuyện cùng con của bạn; chuẩn bị cho sự tự lập của con bạn; nắm rõ các thông tin; làm việc với bác sĩ của con bạn; tìm kiếm các nguồn thông tin,tổn hại nặng cho cơ thể; tử vong; stds có thể lây sang thai nhi; không biết mình bị nhiễm bệnh vì stds thường không có triệu chứng; khó khăn hoặc thậm chí là vô sinh; tăng nguy cơ nhiễm HIV
Rau cài răng lược,topic,['23'],,,có thể cắt tử cung ngay sau mổ lấy thai nếu không kiểm soát được chảy máu,,,,,thời điểm sinh: thường lên kế hoạch sinh từ tuần 35–37 tại bệnh viện chuyên khoa có đầy đủ trang thiết bị và bác sĩ kinh nghiệm,,,gai rau xâm nhập vào lớp cơ tử cung; lan tới cơ quan lân cận như bàng quang; có thể gây chảy máu nặng khi lấy rau; phải cắt tử cung; nguy cơ tổn thương bàng quang cao
Nhóm máu,topic,['44'],,,,mẹ rh âm và thai rh dương,,,,,globulin miễn dịch rh sẽ được tiêm để ngăn ngừa biến chứng,,
Ngoại xoay thai,topic,['72'],,,,,,ngoại xoay thai là thủ thuật trong đó bác sĩ sẽ nâng và xoay thai nhi từ bên ngoài thành bụng của thai phụ để tăng khả năng sinh con bằng đường âm đạo; ngoại xoay thai là một cách để biến một em bé từ ngôi mông thành ngôi đầu trong tử cung người mẹ,,ngoại xoay thai có khuynh hướng khó thực hiện hơn khi ngày sinh càng đến gần; bác sĩ sẽ sử dụng bàn tay của mình để xoay thai từ bên ngoài bụng; tỉ lệ thành công trung bình là khoảng 65%,,bác sĩ cũng có thể đề nghị lặp lại thủ thuật ngoại xoay thai,sinh non; một vài trẻ sau đó di chuyển về ngôi mông trở lại; ối vỡ sớm; mất máu cho bé hoặc mẹ; suy thai dẫn đến phải mổ lấy thai cấp cứu; em bé có thể trở lại vị trí ngôi mông sau khi thực hiện ngoại xoay thai; em bé sẽ quay trở lại vị trí ngôi mông
Khởi phát chuyển dạ,subtopic,['73'],,,sử dụng thuốc hoặc phương pháp khác để kích thích co tử cung và làm cổ tử cung mở; bác sĩ sẽ khởi phát chuyển dạ; bác sĩ của bạn sẽ kiểm tra xem cổ tử cung của bạn có mềm và đã mở chưa; thuốc này giúp cổ tử cung của bạn mềm lại và mở ra; bác sĩ cũng có thể làm “vỡ ối” của bạn hoặc dùng một ngón tay để tách cổ tử cung khỏi màng ối xung quanh đầu em bé; bác sĩ sẽ theo dõi bạn cẩn thận,sức khỏe của mẹ và thai nhi có nguy cơ nguy hiểm; thai đã quá 2 tuần so với ngày dự sanh; bạn đã bị vỡ ối nhưng vẫn chưa có cơn gò tử cung; bạn bị cao huyết áp; bạn bị nhiễm trùng trong tử cung; bạn bị bệnh tiểu đường; không đủ nước ối cho bé,,khởi phát chuyển dạ là việc sử dụng các loại thuốc hoặc các phương pháp khác để khởi phát chuyển dạ; khởi phát chuyển dạ là tạo ra sự co bóp của tử cung để em bé được sinh ra qua ngã âm đạo; khởi phát chuyển dạ là quá trình giúp tống thai và nhau ra khỏi tử cung và bắt đầu một cuộc sống mới bên ngoài tử cung của bé,,thường thực hiện sau 1–2 tuần quá ngày; trường hợp này được gọi là khởi phát chuyển dạ có chọn lọc; quá trình này được gọi là “khởi phát chuyển dạ” hay còn gọi là “giục sanh”; phương pháp này thường gây khởi phát chuyển dạ; nó có thể mất nhiều thời gian hơn nếu bạn được khởi phát chuyển dạ sớm hoặc đây là con đầu lòng của bạn,,khởi phát chuyển dạ được đề nghị khi sức khỏe của mẹ và thai nhi có nguy cơ nguy hiểm; đừng ăn quá nhiều trước khi đến bệnh viện; báo với bác sĩ nếu bạn cảm thấy quá đau; thường thì quá trình khởi phát chuyển dạ diễn ra êm đẹp và bạn có thể sanh ngả âm đạo,thuốc không hiệu quả; phải sinh mổ; cơn co tử cung quá mạnh; có thể còn có những nguy cơ khác nếu được chỉ định khởi phát chuyển dạ do các bệnh lý nội khoa
Mũ chụp cổ tử cung,topic,['17'],,kích ứng âm đạo; dị ứng chất diệt tinh trùng; có mùi; kích ứng; mùi khó chịu,,,,mũ chụp cổ tử cung là một mũ nhựa tròn nhỏ vừa vặn chụp lên cổ tử cung và giữ nguyên vị trí nhờ lực hút,,có quai để lấy ra; mũ chụp cổ tử cung phải được đặt giữ nguyên vị trí trong 6 giờ sau khi quan hệ nhưng không được quá tổng 48 giờ; không ảnh hưởng đến nội tiết tự nhiên của phụ nữ; không ảnh hưởng đến nguồn sữa trong thời gian cho con bú; có thể đặt mũ chụp lên đến 40 giờ trước khi quan hệ tình dục,,không ảnh hưởng hormone; dùng được khi cho con bú; cần bác sĩ kê đơn và chọn đúng kích cỡ; đặt trước quan hệ đến 6 giờ; mũ chụp cổ tử cung được khuyên nên dùng kèm với chất diệt tinh trùng; bạn nên đợi 6 tuần sau khi sinh để sử dụng phương pháp này; không nên sử dụng mũ chụp cổ tử cung khi đang hành kinh để tránh nguy cơ nhiễm trùng và sốc nhiễm độc,không bảo vệ khỏi HIV và stds
Loạn khuẩn âm đạo,disease,['6'],,ngứa; tiết dịch âm đạo bất thường; dịch âm đạo loãng; dịch âm đạo màu xám; dịch âm đạo màu trắng; dịch âm đạo màu xanh; dịch âm đạo có mùi hôi tanh; nóng rát khi tiểu,kháng sinh: tinidazole dùng cho loạn khuẩn âm đạo tái phát hoặc kháng trị,sự mất cân bằng hệ vi sinh âm đạo; giảm lactobacilli; vi khuẩn kỵ khí phát triển quá mức; mất cân bằng vi khuẩn âm đạo do giảm lactobacilli,,,,nhiều trường hợp không có triệu chứng; trường hợp nguy cơ sti có thể cần xét nghiệm chuyên sâu,hạn chế số bạn tình; sử dụng bao cao su; tránh thụt rửa âm đạo; không dùng xà phòng thơm hoặc chất khử mùi; giặt đồ lót bằng chất tẩy nhẹ hoặc không mùi; dùng xà phòng nhẹ; băng vệ sinh/tampon không mùi,,sinh non; nhiễm trùng hậu phẫu sau phá thai hoặc cắt tử cung; viêm vùng chậu (pid) gây vô sinh; giảm tỉ lệ ivf thành công; ối vỡ non; viêm nội mạc tử cung sau sinh; viêm màng ối; tăng nguy cơ sinh non và bại não ở trẻ sơ sinh
Rau tiền đạo,topic,"['79', '23']",,chảy máu nặng trong thai kỳ; chảy máu nặng khi sinh; chảy máu 3 tháng cuối,thường cần sinh mổ; có nguy cơ sinh non trước 37 tuần; có thể tiêm steroid hỗ trợ trưởng thành phổi thai; dùng thuốc giảm co để trì hoãn sinh; nếu bánh rau bám <20mm so với lỗ cổ tử cung ở tuần 36 thì mổ lấy thai; nếu >20mm có thể sinh thường,bám thấp <20mm so với lỗ cổ tử cung; che toàn bộ lỗ cổ tử cung; bánh rau bám đoạn dưới hoặc che phủ cổ tử cung,Chuyển dạ sinh non,,,mà không đau,,siêu âm lại ở tuần 32 và 36; đo chiều dài cổ tử cung để tiên lượng sinh non và nguy cơ chảy máu; cần chuẩn bị đội ngũ sản khoa và gây mê hồi sức,chảy máu âm đạo nhiều vào cuối thai kỳ; đe dọa tính mạng mẹ và con; cản trở sinh thường; thường phải mổ lấy thai; có thể chảy máu nặng; cần truyền máu; cắt tử cung nếu không kiểm soát được; có nguy cơ sinh non trước 37 tuần
Rối loạn di truyền,topic,['10'],,,,đột biến gen; đột biến gen được truyền từ bố mẹ sang con cái; đột biến gen có thể xảy ra ở bất cứ nst nào; gen bị đột biến nằm trên nhiễm sắc thể giới tính; sự kết hợp của các yếu tố đột biến; một số yếu tố là di truyền; một số yếu tố không di truyền,Rối loạn di truyền trội trên nhiễm sắc thể thường; Rối loạn di truyền lặn trên nhiễm sắc thể thường; Nguyên nhân gây rối loạn di truyền; Nguyên nhân gây rối loạn nst; Thể dị bội; Rối loạn di truyền liên kết nhiễm sắc thể giới tính; Rối loạn di truyền đa yếu tố,rối loạn di truyền là hậu quả của những đột biến gen được truyền từ bố mẹ sang con cái. đột biến gen có thể xảy ra ở bất cứ nst nào.; rối loạn di truyền trội trên nhiễm sắc thể thường là những rối loạn gây ra bởi chỉ một gen bất thường mà trẻ được thừa hưởng từ bố hoặc từ mẹ. “nst thường” có nghĩa rằng gen khiếm khuyết nằm trên bất kỳ nhiễm sắc thể nào mà không phải là nhiễm sắc thể giới tính (x hoặc y).; rối loạn di truyền liên kết nst giới tính gây ra bởi các gen bị đột biến nằm trên nhiễm sắc thể giới tính,,,,,
Monosomy,disease,['10'],,,,,,một tình trạng thiếu 1 nhiễm sắc thể,,,,,
Serratia marcescens,disease,['217'],,,,nhiễm serratia marcescens; sữa mẹ có thể chuyển sang màu hồng do bị nhiễm serratia marcescens; s. marcescens sản sinh ra một chất sắc tố có màu đỏ cam gọi là prodigiosin; dụng cụ y tế bị nhiễm; người chăm sóc sức khoẻ rửa tay không đúng cách; sữa mẹ; trẻ bú mẹ trực tiếp nuốt đủ số lượng vi khuẩn để gây bệnh; rửa tay không đúng cách; dự trữ sữa không vệ sinh,,,,sữa mẹ chuyển sang màu hồng do nhiễm s. marcescens nếu được phát hiện và điều trị sớm trước khi vi khuẩn phát triển thì sữa mẹ có thể trở lại bình thường; số lượng lớn trường hợp nhiễm trùng bệnh viện là do vi khuẩn này; bố mẹ của bé đã để ý thấy tã bị nhuộm màu đỏ. phân của bé được cấy và phát hiện có s. marcescens.; nhiễm >1000 trực khuẩn gram âm trên 1 ml liên quan đến không dung nạp thức ăn; nồng độ nhiễm cao (>1000000/ml) có thể liên quan đến nhiễm khuẩn huyết,,việc điều trị kháng sinh vẫn được đề nghị cho phụ nữ nhiễm s. marcescens và nguy cơ cao nhiễm khuẩn huyết; việc trở lại nuôi con bằng sữa mẹ là an toàn sau khi kết quả cấy của cả mẹ và con đều âm tính,tử vong; viêm phổi; nhiễm trùng huyết; viêm màng não; gây nên nhiều bệnh; thậm chí là tử vong sớm ở trẻ sơ sinh; không dung nạp thức ăn; nhiễm khuẩn huyết
Giang mai,subdisease,['44'],,,,,,,,,,nên được kiểm tra hàng năm,bệnh về mắt; viêm phổi; sẩy thai hoặc thai chết lưu
Thai quá ngày,topic,['73'],,,khởi phát chuyển dạ bằng cách làm vỡ màng ối,sai sót trong tính toán ngày dự kiến sinh; nguyên nhân thường không xác định được,,,,thai kỳ kéo dài đến 42 tuần hoặc hơn; ngày dự sinh được xác định dựa vào ngày đầu tiên hành kinh của kỳ kinh cuối cùng và kích thước của tử cung (dạ con) trong giai đoạn sớm của thai kỳ.; một cách đáng tin cậy để biết ngày dự sinh là đếm đến 40 tuần kể từ ngày đầu của kỳ kinh cuối.,,bác sĩ sẽ kiểm tra thai nhi chặt chẽ hơn; tim thai nhi được kiểm tra bằng máy theo dõi tim thai mỗi 1 đến 2 lần trong tuần; siêu âm được thực hiện để đánh giá lượng nước ối xung quanh thai nhi; siêu âm cũng được sử dụng để xem cử động của thai nhi; bạn cần liên tục theo dõi cử động thai trong suốt thai kỳ; bác sĩ cũng sẽ kiểm tra cổ tử cung để xem cổ tử cung đã mở và ngắn lại chưa; khởi phát chuyển dạ (còn gọi là giục sinh) cũng có thể được đề nghị ở trường hợp thai quá ngày dự sinh 1 tuần; nhiều bác sĩ cho khởi phát chuyển dạ khi thai quá ngày dự sinh 2 tuần,nhau thai hoạt động kém; dịch ối giảm; dễ chèn ép dây rốn; hội chứng loạn trưởng thành; thai to; hít phân su; mổ lấy thai cao hơn; suy thai; thai to gây sinh khó; thai nhi không đủ oxy; tim thai giảm; thai nhi không thể chịu đựng được cuộc chuyển dạ
Thử nghiệm có cơn co tử cung,topic,['73'],,nhịp tim thai nhanh,,,Khởi phát chuyển dạ,,,nhịp tim thai được đo khi tử cung có cơn co; ghi nhận thay đổi để đánh giá sức khỏe thai,,,
Triệu chứng phụ khoa thường gặp,subtopic,['1'],,đau khi quan hệ tình dục; ra máu âm đạo bất thường trong khi hành kinh; ra máu âm đạo giữa các kỳ kinh; đau vú; cảm giác nóng rát khi đi tiểu; ra máu âm đạo trong hoặc sau khi quan hệ tình dục; ngứa ở vùng âm đạo; sưng ở vùng âm đạo; đỏ ở vùng âm đạo; âm đạo tiết nhiều dịch (huyết trắng); dịch âm đạo có mùi hôi khó chịu; dịch âm đạo có màu xanh; dịch âm đạo có màu vàng; dịch âm đạo có màu nâu,,,,,,,,các triệu chứng nhẹ có thể được điều trị,các trường hợp nghiêm trọng hoặc bị bỏ qua trong thời gian dài có thể dẫn đến vô sinh
Ngủ,topic,['150'],,giấc ngủ bị gián đoạn; có những giấc mơ sống động; có ác mộng; tỉnh giấc ban đêm,,căng thẳng; lo âu; cảm giác mệt mỏi khi cơ thể của bạn phải hoạt động để bảo vệ và nuôi dưỡng thai nhi đang phát triển; khó quen với tư thế ngủ nghiêng mà bác sĩ khuyên; xoay người trên giường khi ngủ cũng trở nên khó khăn trong thai kỳ vì kích thước cơ thể lớn hơn trước; nhu cầu đi tiểu thường xuyên hơn; nhịp tim tăng; khó thở; chuột rút; đau lưng; chứng ợ nóng; táo bón; lo lắng về sức khỏe của thai nhi; lo lắng về việc sinh nở; lo lắng về vai trò làm mẹ,,,,trong ba tháng đầu tiên của thai kỳ,,ngủ trưa 30-60 phút mỗi ngày có thể bù đắp một phần thiếu ngủ; hạn chế caffeine; tránh ăn quá no trước khi ngủ; duy trì giờ ngủ đều đặn; tập yoga hoặc thư giãn nhẹ; tắm nước ấm; uống sữa với mật ong hoặc trà thảo dược; đảm bảo bổ sung đủ canxi để giảm chuột rút,
Chuyển dạ,topic,['79'],,đau lưng; các cơn co tử cung không đều đặn; cổ tử cung mở được 4cm; những cơn co tử cung trở nên đều đặn; cổ tử cung đã mở hết; cảm thấy mót rặn; cơn co thắt đều đặn; quá trình ra đời của cả em bé và nhau thai; bạn có thể cảm thấy buồn tiểu thường xuyên hơn; dịch nhầy tiết ra bên ngoài âm đạo; dịch nhầy trong suốt; dịch nhầy hồng; dịch nhầy hơi có máu; chuột rút; đau âm ỉ ở lưng; đau âm ỉ ở bụng dưới; tăng áp lực trong khung chậu; cơn co lan theo hình gợn sóng từ đỉnh tử cung xuống đáy tử cung; cơn co giống như những cơn đau bụng kinh dữ dội; các cơn co mạnh hơn; đau hơn; đi cầu phân lỏng; đi cầu phân nước; cổ tử cung mở hết; em bé di chuyển dần xuống cổ tử cung và âm đạo; cảm giác mót rặn như khi đi vệ sinh; cảm giác như đau bụng dưới trong kỳ hành kinh; cảm giác đau liên tục; cảm giác đau thành cơn; cảm giác đau ở vùng lưng dưới; dòng chất lỏng phun ra đột ngột; rò rỉ đều đặn; dịch lỏng không mùi; dịch lỏng trong suốt; dịch lỏng màu vàng rơm; xóa và mở; nặng bụng dưới; cơn co thỉnh thoảng xuất hiện và các cơn cách xa nhau; cơn co diễn ra đều đặn và kéo dài khoảng 30 - 70 giây; cơn co xuất hiện thường xuyên hơn; cơn co tiếp diễn ngay cả khi cử động hay thay đổi tư thế; cơn co yếu và ít khi mạnh lên; cơn co mạnh lúc đầu và sau đó yếu dần đi; cơn co tăng dần về cường độ; cơn co thắt bắt đầu ở vùng lưng dưới và lan tới phía trước bụng; các cơn co nhẹ thường bắt đầu cách nhau 15 đến 20 phút và kéo dài từ 60 đến 90 giây.; các cơn co trở nên đều đặn hơn cho đến khi chúng cách nhau chưa đầy 5 phút.; các cơn co thắt mạnh kéo dài 45 đến 60 giây và xảy ra cách nhau 3 đến 4 phút.; cổ tử cung mở ra (giãn nở); tử cung co thắt đều đặn; bụng trở nên cứng; tử cung giãn và trở nên mềm mại; em bé tiếp tục di chuyển; cảm thấy như thể em bé rơi xuống thấp hơn; tăng tiết dịch âm đạo; ra nhớt trong; ra nhớt hồng; ra dịch hơi đẫm máu; đau vùng chậu; tiết dịch âm đạo; đau vùng bụng dưới; chảy máu âm đạo; cơn co thắt ở bụng >= 1 cơn/10 phút; thay đổi màu sắc dịch tiết âm đạo; cảm giác như thai nhi bị đẩy xuống; tình trạng gia tăng áp lực vùng chậu; đau bụng cảm giác như khi hành kinh; đau bụng có thể kèm tiêu chảy; co bóp có chu kỳ của tử cung; xóa (cổ tử cung ngắn lại); mở (cổ tử cung mở ra); đau lưng âm ỉ; gia tăng lượng dịch tiết; thường xuyên đau vùng thắt lưng; vỡ ối (nước ối chảy ra thành dòng hoặc chảy từng giọt); thay đổi loại dịch; tăng lượng dịch; áp lực khung chậu; dạ dày co thắt; cơn co tử cung thường xuyên; cơn co tử cung; cơn co braxton hicks; tình trạng co bóp vùng bụng từng cơn; cơn co thắt có tần số xuất hiện ổn định; cơn co thắt không nặng lên khi đi lại; cơn co thắt không kéo dài; cơn co thắt không cảm thấy đau tăng lên theo thời gian; cơn co thắt không đều đặn; cơn co thắt có thể gây đau,chọc ối; truyền oxytocin; chọc ối thường là đủ để gây ra những cơn co mạnh và đều hơn; oxytocin làm cho các cơn co tử cung mạnh và đều hơn; can thiệp chủ động (xử lý tích cực giai đoạn 3); không can thiệp. không sử dụng các biện pháp can thiệp và quá trình này diễn ra tự nhiên; tiêm oxytocin vào bắp đùi ngay sau khi em bé được sinh ra; không tiêm oxytocin vào đùi; kháng sinh; có các phương pháp điều trị giúp ngừng chuyển dạ và kéo dài thai kỳ; làm ngừng cơn gò tử cung; ngăn ngừa các vấn đề sức khỏe cho sản phụ và thai nhi; corticosteroids trước sinh (acs); thuốc giảm co tử cung; corticosteroids; magnesium sulfate; thuốc giảm gò tử cung; được chăm sóc bởi một nhóm các bác sĩ chuyên khoa; cần được chăm sóc đặc biệt ở đơn vị chăm sóc tích cực (nicu),cơn co tử cung không đều; cơn co tử cung yếu; em bé đang trong một tư thế không thuận lợi để sinh thường; một loại hormone có tên relaxin làm giãn dây chằng quanh xương chậu của bạn để giúp em bé chui qua dễ dàng hơn; em bé gặp sự cố như dây rốn quấn chặt cổ; các cơn co tử cung hiệu quả,Chuyển dạ sinh non; Khởi phát chuyển dạ; Nguy cơ khi khởi phát chuyển dạ; Hiệu quả khởi phát chuyển dạ; Chuyển dạ theo ý muốn,chuyển dạ là thuật ngữ chỉ quá trình sinh nở tự nhiên của cơ thể; thủ thuật này được gọi là chọc ối nhân tạo (arm); chuyển dạ sớm trước 37 tuần của thai kỳ,,các giai đoạn của chuyển dạ và sinh thường: giai đoạn 1 của chuyển dạ; giai đoạn 2 của chuyển dạ: giai đoạn này kéo dài từ lúc cổ tử cung mở hết đến khi em bé được sinh ra; điều này giúp em bé của bạn di chuyển xuống khung xương chậu và cũng giúp cổ tử cung giãn nở tốt hơn; cổ tử cung của bạn cần phải mở khoảng 10cm để cho em bé có thể ra ngoài; máy này bao gồm hai đầu dò được gắn vào bụng của bạn.; một đầu dò để theo dõi các cơn co tử cung và một đầu dò để theo dõi nhịp tim thai.; các đầu dò đó được kết nối với một máy theo dõi và trên đó bạn sẽ thấy nhịp tim thai và cơn co tử cung.; không ai biết nguyên nhân khởi phát quá trình chuyển dạ hoặc khi nào nó sẽ bắt đầu; một số thay đổi về nội tiết tố và thể chất giúp nhận biết quá trình chuyển dạ; máy theo dõi nhịp tim thai bằng đầu dò gắn trên da đầu em bé sẽ chỉ được tháo khi em bé đã được sinh ra; quá trình thai nhi ổn định hoặc di chuyển xuống xương chậu của bạn ngay trước khi chuyển dạ được gọi là sự sa bụng. nó còn được gọi là “sa” thai. sự sa bụng có thể xảy ra vài tuần hoặc vài giờ trước khi chuyển dạ.; khoảng trống dư thừa ở vùng bụng trên có thể giúp bạn dễ thở hơn và giảm chứng ợ chua.; quá trình chuyển dạ có thể bắt đầu ngay sau khi nút nhầy tiết ra hoặc sau đó từ 1 đến 2 tuần; màng ối là màng bọc chứa nước ối quanh em bé; cảm giác co khác nhau ở mỗi người và có thể khác nhau giữa các lần mang thai; cơn co chuyển dạ thực sự không dừng lại khi thay đổi tư thế hoặc nghỉ ngơi; mặc dù có thể không thoải mái nhưng sản phụ sẽ có thể thấy đỡ hơn giữa các cơn co thắt; mặc dù có vẻ kỳ lạ nhưng đây có thể là dấu hiệu cho thấy bạn cách quá trình chuyển dạ 24 - 48 giờ; đau lưng dưới và chuột rút nhưng không giảm hoặc biến mất. đó có thể là một phần của các cơn co thắt. cơn đau thường bắt đầu ở lưng và sau đó di chuyển ra phía trước cơ thể; nhiều sản phụ thực sự giảm vài cân trong những ngày trước khi chuyển dạ; giai đoạn 3 của giai đoạn chuyển dạ; điều này sẽ tạo nên cơn co tử cung; việc rút ngắn và làm mỏng cổ tử cung được gọi là xóa; độ xóa được đo bằng tỷ lệ phần trăm từ 0% đến 100%; tiến độ chuyển dạ được đo bằng mức độ mở và xóa của cổ tử cung để cho phép thai nhi đi qua đường âm đạo; việc này thường diễn ra trong 30 phút sau khi em bé đã được sinh ra; giai đoạn 3 diễn ra tự nhiên; điều này có nghĩa là máu vẫn sẽ tiếp tục tự truyền từ nhau thai sang em bé; việc này diễn ra trong khoảng 2 đến 4 phút; quá trình này có thể kéo dài đến một tiếng; bạn có thể được can thiệp điều này vào bất cứ lúc nào trong giai đoạn 3 của chuyển dạ; thời gian giữa các cơn co bao gồm độ dài hoặc khoảng thời gian diễn ra cơn co và số phút giữa các cơn (được gọi là khoảng nghỉ).; chuyển dạ tích cực (giai đoạn bạn nên nhập viện) thường được đặc trưng bởi các cơn co thắt mạnh kéo dài 45 đến 60 giây và xảy ra cách nhau 3 đến 4 phút.; một số thay đổi cũng có thể báo hiệu sắp chuyển dạ; nhẹ hơn; điều này được gọi là “bé rơi”; đầu em bé đã xuống sâu trong phần xương chậu của bạn; xảy ra từ một vài tuần đến một vài giờ trước khi bắt đầu chuyển dạ; một nút nhầy được tích lũy ở cổ tử cung khi mang thai; xảy ra vài ngày trước khi bắt đầu chuyển dạ hoặc ngay lúc bắt đầu chuyển dạ; việc điều trị này không đảm bảo chắc chắn sẽ ngừng được quá trình chuyển dạ sinh non; xảy ra trước 37 tuần của thai kỳ; rất khó để bác sĩ có thể tiên lượng chuyển dạ sinh non tiến triển đến sinh non hay không; các cơn co thắt này thường xảy ra vào cuối ngày,kiểm soát cân nặng trong thai kỳ; ăn thức ăn đảm bảo sức khỏe và vận động nhẹ nhàng mỗi ngày; sử dụng các biện pháp tránh thai giữa 2 lần sinh để không mang thai lại quá sớm; thời gian tốt nhất giữa 2 lần sinh ít nhất 18 tháng,bạn nên tới bác sĩ để khám định kỳ (thường là 1 - 2 lần/tuần).; bạn nên ăn uống bởi vì quá trình chuyển dạ cần rất nhiều năng lượng; liên hệ đội hộ sinh khi có các cơn co đều nhau và mỗi 10 phút bạn có 3 cơn co; liên hệ đội hộ sinh khi vỡ nước ối; liên hệ đội hộ sinh khi các cơ co mạnh và bạn cần giảm đau; liên hệ đội hộ sinh khi bạn lo lắng về bất cứ điều gì; hộ sinh sẽ thăm khám thường xuyên để theo dõi tình trạng của bạn cũng như quá trình chuyển dạ để có thể hỗ trợ bạn và giảm đau nếu cần thiết; bạn có thể đi bộ xung quanh hoặc tìm một tư thế thoải mái để quá trình chuyển dạ suôn sẻ; hộ sinh sẽ kiểm tra âm đạo để theo dõi quá trình chuyển dạ; nếu bạn không muốn thì bạn có thể từ chối; nữ hộ sinh của bạn sẽ giải thích sự cần thiết của việc thăm khám thường xuyên đó; hộ sinh sẽ theo dõi sức khỏe của cả bạn và em bé để bảo đảm rằng cả hai đều ổn trong khi chuyển dạ; lúc này bạn có thể đi lại thoải mái nếu bạn muốn; bạn có thể yêu cầu được theo dõi tim thai liên tục dù không có vấn đề gì; nếu ctk bình thường thì máy có thể được tháo ra để bạn đi lại thoải mái.; hộ sinh sẽ đề nghị bạn sử dụng giảm đau; bạn sẽ được đề nghị dùng giảm đau; chườm nóng hoặc chườm lạnh hay xoa bóp thường giúp giảm triệu chứng; hộ sinh của bạn sẽ giúp bạn xác định một tư thế phù hợp để sinh em bé; hãy chia sẻ điều này với chồng bạn để bạn có những sự giúp đỡ từ họ; bạn nên cẩn thận và đừng làm dụng nó vì sinh con sẽ tốn rất nhiều sức lực; hãy cho bác sĩ của bạn biết nếu thai nhi có thể ít cử động hơn khi gần đến ngày chuyển dạ; bạn có thể rặn giữa các cơn co bất cứ khi nào cảm thấy mót rặn; bạn có thể không cảm thấy mót rặn để rặn ngay lập tức; chồng bạn cũng có thể có mặt để hỗ trợ bạn; hộ sinh của bạn sẽ giải thích cả hai cách khi bạn mang thai hoặc trong giai đoạn 1 của chuyển dạ và bạn có thể chọn cách bạn muốn; họ sẽ khuyên bạn nên làm gì tiếp theo; không phải tất cả phụ nữ mang thai đều vỡ ối khi chuyển dạ; nhiều trường hợp bác sĩ sẽ thực hiện phá vỡ màng ối tại bệnh viện; không nên cắt dây rốn ngay tức thì sau khi sinh; hộ sinh sẽ đợi khoảng 1 đến 5 phút sau sinh để làm việc này; dây rốn không được cắt cho đến khi tự nó hết đập; cần rặn để nhau thai ra ngoài; sản phụ nên trải qua giai đoạn đầu tiên của quá trình chuyển dạ (được gọi là giai đoạn tiềm thời) một cách thoải mái tại nhà; ngâm mình trong bồn nước ấm hoặc tắm nước ấm; hỏi bác sĩ gia đình xem bạn có thể tắm bồn nếu nước ối bị vỡ hay không; nghỉ ngơi. cố gắng ngủ hoặc chợp mắt nếu đó là vào buổi tối; bạn cần tích trữ năng lượng để tiến vào giai đoạn chuyển dạ tích cực; hãy gọi cho bác sĩ gia đình của bạn khi nghi ngờ mình đang chuyển dạ thực sự; gọi khi sản phụ nghĩ rằng nước ối đã vỡ; gọi khi sản phụ bị chảy máu (mức độ nhiều hơn dạng vết); gọi khi em bé dường như cử động ít hơn bình thường; gọi khi các cơn co thắt của sản phụ gây cảm giác rất khó chịu và kéo dài 5 phút một lần trong vòng một giờ; gọi khi sản phụ có bất kỳ dấu hiệu chuyển dạ nào nhưng chưa đến tuần thứ 37 của thai kỳ; bạn có thể chuyển dạ trước khi em bé sẵn sàng ra đời và sẽ cần trợ giúp y tế ngay lập tức; bác sĩ gia đình sẽ cung cấp cho bạn các hướng dẫn cụ thể về thời điểm bạn nên sẵn sàng đến bệnh viện; bạn có thể hoặc không thể nhận thấy tín hiệu này trước khi bắt đầu chuyển dạ; bác sĩ có thể khuyên sản phụ các phương pháp điều trị khác: khâu eo cổ tử cung; bác sĩ có thể khuyên sản phụ các phương pháp điều trị khác: nghỉ ngơi tại giường; bác sĩ có thể khuyên sản phụ các phương pháp điều trị khác: progesterone; gọi ngay bác sĩ để tư vấn; đến ngay phòng khám hoặc bệnh viện; nếu sản phụ lo lắng về công việc thì hãy trao đổi với sếp; nếu sản phụ cần hỗ trợ nhiều hơn thì hãy trao đổi với bác sĩ để được giúp đỡ; sản phụ cần trao đổi với bác sĩ để chọn lựa phương pháp điều trị phù hợp; trao đổi thêm với bác sĩ để biết thêm thông tin; gọi cho bác sĩ sản khoa ngay lập tức nếu có bất kỳ dấu hiệu hoặc triệu chứng sau; nếu chuyển dạ không ngừng lại sẽ dẫn đến sinh non; việc chăm sóc thai nhi phụ thuộc vào phương pháp sinh,nhiễm trùng; vỡ tử cung; xuất huyết (chảy máu đe dọa đến tính mạng); phải mổ lấy thai; trẻ sinh quá sớm (sinh non) gặp nhiều vấn đề về sức khỏe lúc mới sinh; trẻ sinh quá sớm (sinh non) gặp nhiều vấn đề về sức khỏe trong quá trình sống; trẻ sinh quá sớm (sinh non) cần phải nằm bệnh viện lâu hơn những trẻ sinh đủ tháng
Viên uống nội tiết phối hợp,topic,['19'],,buồn nôn; đau ngực; đau đầu; ra máu giữa chu kỳ,,,,,,tạm thời vài tháng đầu,,,
Nhiễm nấm âm đạo,disease,['114'],,sưng; ngứa rát âm hộ; khí hư trắng vón cục; khí hư nhiều; khí hư thay đổi tính chất,đặt thuốc âm đạo; uống thuốc,nấm candida,,,,,,nhiều phụ nữ tự nghĩ mình bị nấm nhưng thực ra mắc bệnh khác,
Ung thư tử cung,disease,['113'],,,,,,ung thư tử cung có hai loại là ung thư nội mạc tử cung và sarcoma tử cung,Ung thư nội mạc tử cung; Sarcoma tử cung,,,,
Viêm âm đạo,disease,"['84', '114', '85', '2']",,dịch tiết âm đạo đổi màu hoặc có mùi bất thường; ngứa; rát; sưng; tiểu rát; đau khi quan hệ; tiết dịch âm đạo lượng nhiều,viên metronidazole 200mg ba lần mỗi ngày trong một tuần,vi khuẩn; virus; nhiễm trùng bởi vi sinh vật; nấm men; kích ứng bởi hóa chất; kích ứng bởi xà phòng; kích ứng bởi quần áo; nhiễm trùng âm đạo thông qua đường tình dục; nhiễm khuẩn âm đạo; nhiễm nấm candida; bệnh lậu; viêm âm đạo do dị ứng hoặc kích ứng; trichomoniasis; viêm do virus; lậu; herpes; HPV; sự thay đổi cân bằng giữa nấm và vi khuẩn bình thường trong âm đạo; dùng kháng sinh; thay đổi hormon khi mang thai/cho con bú/mãn kinh; thụt rửa âm đạo; dùng chất diệt tinh trùng; giao hợp; nhiễm khuẩn; vi khuẩn trichomonas vagis; sinh vật candida albicans,,là tình trạng viêm và nhiễm trùng ở âm đạo.; viêm âm đạo là hiện tượng viêm nhiễm âm đạo,Viêm âm đạo do trùng roi; Viêm âm đạo không nhiễm trùng; Viêm âm đạo do trichomonas; Viêm âm đạo do nấm candida,bệnh nhân được đặt vòng nâng pessary ở vị trí cao trong âm đạo khi đi ngủ trong hai tuần liên tiếp,vệ sinh sạch sẽ; tránh xịt rửa âm đạo; không dùng xà phòng thơm; tránh quần áo bó chặt và ẩm; ăn sữa chua men sống; sử dụng bao cao su; khám phụ khoa định kỳ,,
Miếng dán tránh thai,topic,['19'],,buồn nôn; đau ngực; đau đầu; nhức đầu; kích ứng da; chảy máu giữa chu kỳ; ngứa da; cải thiện mụn trứng cá; giảm mọc tóc nhanh; giảm đau nửa đầu kinh nguyệt khi dùng liên tục,,,,,,có thể dùng liên tục không nghỉ,,cải thiện mụn trứng cá; giảm mọc tóc nhanh; giảm đau nửa đầu kinh nguyệt khi dùng liên tục,
Bệnh tán huyết,disease,['83'],,,,kháng thể rh của mẹ tấn công hồng cầu rh(+) của thai nhi,,đây gọi là bệnh tán huyết do bất đồng nhóm máu rh,,biến chứng hiếm gặp trong lần mang thai đầu nhưng nguy hiểm cho những lần sau,,,thiếu máu nặng; vàng da; tổn thương não; suy tim; tử vong ở thai nhi
Lậu,subdisease,['44'],,,,,,,,tầm soát lậu cho phụ nữ mang thai ≤25 tuổi hoặc sống trong vùng lưu hành cao.,,tất cả phụ nữ dưới 25 tuổi có hoạt động tình dục nên được xét nghiệm bệnh lậu mỗi năm; tất cả nam giới từ 13 tuổi quan hệ tình dục với nam giới nên được kiểm tra hàng năm,bệnh về mắt; viêm phổi
